vector_db,embedding_model,chunk_size,overlap,llm_model,index_time_sec,memory_mb,retrieval_time_sec,llm_response_time_sec,question,response
qdrant,nomic-embed-text,500,100,llama3.2:latest,55.99,0.39,0.04,4.07,When was NoSQL first used,"According to the retrieved context, NoSQL was ""Ô¨Årst used"" in 1998 by Carlo Strozzi."
qdrant,nomic-embed-text,500,100,llama3.2:latest,55.99,0.42,0.04,15.19,Show me an example of what a JSON Object might look like,"Based on the retrieved context, a JSON object is a collection of name/value pairs that can be easily read and written by humans and parsed and generated by machines.

Here's an example of a simple JSON object:

```
{
  ""name"": ""John Doe"",
  ""age"": 30,
  ""city"": ""New York""
}
```

In this example, the JSON object is composed of three name/value pairs: `name` and `age` are values (in quotes), while `city` is also a value without quotes.

Alternatively, if we had an ordered list of values, it might look like this:

```
[
  ""Apple"",
  ""Banana"",
  ""Cherry""
]
```"
qdrant,nomic-embed-text,500,100,llama3.2:latest,55.99,0.45,0.04,24.85,What are the benefits of using transactions in relational database systems,"Based on the retrieved context, the benefits of using transactions in relational database systems can be summarized as follows:

1. **Data Integrity**: Transactions ensure that data remains consistent and reliable even in the event of system failures or errors. Once a transaction is committed, its changes are permanent, guaranteeing data integrity.

2. **Reliability**: Transactions provide a high level of reliability by isolating multiple operations and ensuring that either all or none of the operations are executed successfully. This prevents partial updates and ensures that the database remains in a consistent state.

3. **Atomicity**: Transactions ensure that related operations are treated as a single, indivisible unit, preventing partial updates and maintaining data consistency.

4. **Consistency**: Transactions help maintain data consistency by ensuring that all changes made to the data are applied consistently across the system.

5. **Isolation**: Transactions provide isolation between concurrent transactions, preventing conflicts and ensuring that each transaction operates independently without interference from other transactions.

By using transactions in relational database systems, developers can ensure that their application remains reliable, consistent, and maintainable, even in complex and dynamic environments."
chroma,snowflake-arctic-embed,100,50,llama3.2:latest,172.0,54.22,1.38,3.73,When was NoSQL first used?,"According to the retrieved context, ""NoSQL"" was first used in 1998 by Carlo Strozzi."
chroma,snowflake-arctic-embed,100,50,llama3.2:latest,172.0,0.3,0.07,12.14,Show me an example of what a JSON Object might look like,"Based on the provided context, here's an example of what a JSON object might look like:

```
{
    ""name"": ""John Doe"",
    ""age"": 30,
    ""city"": ""New York"",
    "" occupation"": ""Software Developer""
}
```

In this example, we have a JSON object with five key-value pairs. The keys (`""name""`, `""age""`, `""city""`, and `""occupation""`) are enclosed in double quotes and separated by commas. The values associated with each key (e.g., `""John Doe""`, `30`, `""New York""`, and `""Software Developer""`) can be any valid data type, such as strings, numbers, or arrays."
chroma,snowflake-arctic-embed,100,50,llama3.2:latest,172.0,0.34,0.06,20.87,What are the benefits of using transactions in relational database systems?,"According to the retrieved context, one of the key benefits of relational databases is their adherence to ACID (Atomicity, Consistency, Isolation, and Durability) compliance. This ensures reliable transaction processing, which means that transactions in relational database systems provide a way to ensure that data remains consistent and reliable even when multiple operations are performed on it.

In other words, using transactions in relational database systems provides several benefits:

1. Ensures Atomicity: The entire transaction is treated as a single unit of work, ensuring that either all or none of the changes are committed to the database.
2. Maintains Consistency: The database remains consistent even after multiple operations are performed on it.
3. Guarantees Isolation: Concurrency control ensures that transactions are executed independently, preventing one transaction from interfering with another.
4. Ensures Durability: Once a transaction is committed, its effects are permanent and not easily reversible.

By using transactions in relational database systems, you can ensure the reliability and consistency of your data, which is essential for many applications, such as financial transactions, inventory management, and customer relationships."
chroma,mxbai-embed-large,500,100,mistral:latest,126.92,121.18,0.07,15.17,When was NoSQL first used, NoSQL was first used in 1998.
chroma,mxbai-embed-large,500,100,mistral:latest,126.92,0.36,1.14,24.76,Show me an example of what a JSON Object might look like," A JSON object is a collection of name/value pairs and looks like this:

```json
{
    ""name"": ""John"",
    ""age"": 30,
    ""city"": ""New York""
}
```

In this example, `name`, `age`, and `city` are the names (keys) of the properties, and `John`, `30`, and `New York` are their respective values. This JSON object represents an individual person with a name, age, and city."
chroma,mxbai-embed-large,500,100,mistral:latest,126.92.75,0.34,0.06,47.65,What are the benefits of using transactions in relational database systems?," The benefits of using transactions in relational database systems are numerous, particularly with regards to data integrity and reliability. Transactions allow multiple operations to be treated as a single unit of work, ensuring that all changes made during the transaction are atomic (either all changes are applied or none are). This is crucial for maintaining consistency within the database, preventing partial updates or inconsistent states.

In addition, transactions also provide isolation and durability. Isolation ensures that concurrent transactions do not interfere with one another, while durability guarantees that once a transaction has been committed, its changes are permanent and will survive system failures.

Moreover, the use of transactions simplifies complex operations by grouping them together, making it easier to manage and track these operations as a single logical operation. This can greatly improve the maintainability and understandability of database systems."
redis,snowflake-arctic-embed,100,50,mistral:latest,162.68,75.14,0.06,9.63,When was NoSQL first used?," The term ""NoSQL"" was first used in 1998."
redis,snowflake-arctic-embed,100,50,mistral:latest,162.68,0.24,0.12,43.02,Show me an example of what a JSON Object might look like," Based on the provided context, a JSON object can be represented as a collection of key-value pairs, where each key is a string and each value can be a variety of data types including other JSON objects, arrays, or primitive values (strings, numbers, booleans, null). Here's an example of a JSON object:

```json
{
  ""firstName"": ""John"",
  ""lastName"": ""Doe"",
  ""age"": 30,
  ""address"": {
    ""street"": ""123 Main St"",
    ""city"": ""Anytown"",
    ""state"": ""Anystate""
  },
  ""phoneNumbers"": [
    {
      ""type"": ""home"",
      ""number"": ""555-1234""
    },
    {
      ""type"": ""mobile"",
      ""number"": ""555-5678""
    }
  ],
  ""isMarried"": true,
  ""pets"": [""Dog"", ""Cat""]
}
```

You can find more examples and learn about the JSON syntax in detail at this link: https://www.json.org/json-en.html"
redis,snowflake-arctic-embed,100,50,mistral:latest,162.68,0.22,0.06,46.76,What are the benefits of using transactions in relational database systems?," The benefits of using transactions in relational database systems primarily stem from their compliance with the ACID (Atomicity, Consistency, Isolation, and Durability) properties. Here's a brief explanation:

1. **Atomicity**: This ensures that each transaction is treated as a single, indivisible unit of work. Either all operations in a transaction are executed completely, or none are, to maintain data integrity.

2. **Consistency**: Transactions maintain the database's consistency by following rules like referential integrity, ensuring that data adheres to specified relationships (e.g., foreign keys).

3. **Isolation**: Transactions run independently of each other and do not interfere with one another. This ensures that each transaction sees a consistent view of the database as it was at the start of the transaction, regardless of concurrent transactions.

4. **Durability**: Once a transaction has been committed, its changes are guaranteed to persist, even in case of system failures.

These properties contribute significantly to maintaining data consistency and reliability, making relational databases suitable for applications that require strict data integrity and complex transactions."
